{
	"info": {
		"_postman_id": "77924529-924e-4531-8836-aa747ae17d95",
		"name": "Tushar",
		"schema": "https://schema.getpostman.com/json/collection/v2.1.0/collection.json",
		"_exporter_id": "25392734"
	},
	"item": [
		{
			"name": "Currency",
			"item": [
				{
					"name": "store",
					"request": {
						"auth": {
							"type": "bearer",
							"bearer": [
								{
									"key": "token",
									"value": "eyJhbGciOiJIUzI1NiIsInR5cCI6IkpXVCJ9.eyJzdWIiOjEsImlhdCI6MTY4MDE1MTg2NywiZXhwIjoxNjgwMjM4MjY3fQ.Pi4tuYKJ9Z-bTW0nCjyfWh02pmQEwvTW6ofat_wIeaw",
									"type": "string"
								}
							]
						},
						"method": "POST",
						"header": [],
						"body": {
							"mode": "raw",
							"raw": "{\r\n    \"name\" : \"test\",\r\n    \"code\" : \"2222\" \r\n}",
							"options": {
								"raw": {
									"language": "json"
								}
							}
						},
						"url": {
							"raw": "{{URL}}/currency/store",
							"host": [
								"{{URL}}"
							],
							"path": [
								"currency",
								"store"
							]
						}
					},
					"response": []
				},
				{
					"name": "All",
					"protocolProfileBehavior": {
						"disableBodyPruning": true
					},
					"request": {
						"method": "GET",
						"header": [],
						"body": {
							"mode": "raw",
							"raw": "{\r\n    \"phone\" : \"454845521\",\r\n    \"email\" : \"amit1@yopmail.com\",\r\n    \"password\" : \"12345678\",\r\n    \"socialLogin\" : \"0\"\r\n}",
							"options": {
								"raw": {
									"language": "json"
								}
							}
						},
						"url": {
							"raw": "{{URL}}/currency",
							"host": [
								"{{URL}}"
							],
							"path": [
								"currency"
							]
						}
					},
					"response": []
				},
				{
					"name": "ById",
					"request": {
						"method": "GET",
						"header": [],
						"url": {
							"raw": "{{URL}}/currency/2",
							"host": [
								"{{URL}}"
							],
							"path": [
								"currency",
								"2"
							]
						}
					},
					"response": []
				},
				{
					"name": "Update",
					"request": {
						"method": "PUT",
						"header": [],
						"body": {
							"mode": "raw",
							"raw": "{\r\n    \"name\" : \"testty\",\r\n    \"code\" : \"1113\" \r\n}",
							"options": {
								"raw": {
									"language": "json"
								}
							}
						},
						"url": {
							"raw": "{{URL}}/api/currency/1",
							"host": [
								"{{URL}}"
							],
							"path": [
								"api",
								"currency",
								"1"
							]
						}
					},
					"response": []
				},
				{
					"name": "Delete",
					"request": {
						"method": "DELETE",
						"header": [],
						"body": {
							"mode": "raw",
							"raw": "{\r\n    \"name\" : \"test\",\r\n    \"code\" : \"11111\" \r\n}",
							"options": {
								"raw": {
									"language": "json"
								}
							}
						},
						"url": {
							"raw": "{{URL}}/api/currency/3",
							"host": [
								"{{URL}}"
							],
							"path": [
								"api",
								"currency",
								"3"
							]
						}
					},
					"response": []
				}
			]
		},
		{
			"name": "gameinfo",
			"item": [
				{
					"name": "store",
					"request": {
						"method": "POST",
						"header": [],
						"body": {
							"mode": "formdata",
							"formdata": [
								{
									"key": "image",
									"type": "file",
									"src": "Weather-Forecast-rain-Weather-Weather-Update-Weather-Alert-Weather-Report-Monsoon-2022-Monsoon-Monsoon-Rain.jpg"
								},
								{
									"key": "gameNumber",
									"value": "1",
									"type": "text"
								},
								{
									"key": "gameName",
									"value": "Khelo",
									"type": "text"
								},
								{
									"key": "gameSlogan",
									"value": "slogan",
									"type": "text"
								},
								{
									"key": "gameDuration",
									"value": "2",
									"type": "text"
								},
								{
									"key": "maxNumberTickets",
									"value": "10",
									"type": "text"
								},
								{
									"key": "ticketPrice",
									"value": "1500",
									"type": "text"
								},
								{
									"key": "gameCurrency",
									"value": "1",
									"type": "text"
								},
								{
									"key": "minPrizePool",
									"value": "500",
									"type": "text"
								},
								{
									"key": "startTime",
									"value": "45.77",
									"type": "text"
								},
								{
									"key": "timeZone",
									"value": "1",
									"type": "text"
								},
								{
									"key": "status",
									"value": "1",
									"type": "text"
								},
								{
									"key": "instruction",
									"value": "dfs",
									"type": "text"
								},
								{
									"key": "buyTicketLimit",
									"value": "2",
									"type": "text"
								}
							]
						},
						"url": {
							"raw": "{{URL}}/gameinfo/store",
							"host": [
								"{{URL}}"
							],
							"path": [
								"gameinfo",
								"store"
							]
						}
					},
					"response": []
				},
				{
					"name": "Update",
					"request": {
						"method": "PUT",
						"header": [],
						"body": {
							"mode": "formdata",
							"formdata": [
								{
									"key": "image",
									"type": "file",
									"src": [],
									"disabled": true
								},
								{
									"key": "gameNumber",
									"value": "1",
									"type": "text",
									"disabled": true
								},
								{
									"key": "gameName",
									"value": "testttt",
									"type": "text",
									"disabled": true
								},
								{
									"key": "gameSlogan",
									"value": "slogan",
									"type": "text",
									"disabled": true
								},
								{
									"key": "maxNumberTickets",
									"value": "5",
									"type": "text",
									"disabled": true
								},
								{
									"key": "ticketPrice",
									"value": "1500",
									"type": "text",
									"disabled": true
								},
								{
									"key": "gameCurrency",
									"value": "1",
									"type": "text",
									"disabled": true
								},
								{
									"key": "minPrizePool",
									"value": "500",
									"type": "text",
									"disabled": true
								},
								{
									"key": "startTime",
									"value": "9:10",
									"type": "text",
									"disabled": true
								},
								{
									"key": "timeZone",
									"value": "1",
									"type": "text",
									"disabled": true
								},
								{
									"key": "status",
									"value": "1",
									"type": "text",
									"disabled": true
								},
								{
									"key": "instruction",
									"value": "",
									"type": "text",
									"disabled": true
								},
								{
									"key": "sold",
									"value": "122534",
									"type": "text"
								}
							]
						},
						"url": {
							"raw": "{{URL}}/gameinfo/1",
							"host": [
								"{{URL}}"
							],
							"path": [
								"gameinfo",
								"1"
							]
						}
					},
					"response": []
				},
				{
					"name": "Alll",
					"protocolProfileBehavior": {
						"disableBodyPruning": true
					},
					"request": {
						"method": "GET",
						"header": [],
						"body": {
							"mode": "raw",
							"raw": "{\r\n    \"name\" : \"test\",\r\n    \"code\" : \"11111\" \r\n}",
							"options": {
								"raw": {
									"language": "json"
								}
							}
						},
						"url": {
							"raw": "{{URL}}/gameinfo",
							"host": [
								"{{URL}}"
							],
							"path": [
								"gameinfo"
							]
						}
					},
					"response": []
				},
				{
					"name": "ById",
					"protocolProfileBehavior": {
						"disableBodyPruning": true
					},
					"request": {
						"method": "GET",
						"header": [],
						"body": {
							"mode": "raw",
							"raw": "{\r\n    \"name\" : \"test\",\r\n    \"code\" : \"11111\" \r\n}",
							"options": {
								"raw": {
									"language": "json"
								}
							}
						},
						"url": {
							"raw": "{{URL}}/gameinfo/2",
							"host": [
								"{{URL}}"
							],
							"path": [
								"gameinfo",
								"2"
							]
						}
					},
					"response": []
				},
				{
					"name": "Delete",
					"request": {
						"auth": {
							"type": "bearer",
							"bearer": [
								{
									"key": "token",
									"value": "eyJhbGciOiJIUzI1NiIsInR5cCI6IkpXVCJ9.eyJzdWIiOjEsImlhdCI6MTY3NDEwNzUwNCwiZXhwIjoxNjc0NzEyMzA0fQ.zDvtDuTuRWfn-YIB4E7AE7WOfhfRZYM__LtSJ3sG4KI",
									"type": "string"
								}
							]
						},
						"method": "DELETE",
						"header": [],
						"url": {
							"raw": "{{URL}}/gameinfo/11",
							"host": [
								"{{URL}}"
							],
							"path": [
								"gameinfo",
								"11"
							]
						}
					},
					"response": []
				},
				{
					"name": "Phase",
					"request": {
						"method": "GET",
						"header": [],
						"url": {
							"raw": "{{URL}}/gameinfo/phase",
							"host": [
								"{{URL}}"
							],
							"path": [
								"gameinfo",
								"phase"
							]
						}
					},
					"response": []
				},
				{
					"name": "ByIdPhase",
					"request": {
						"method": "GET",
						"header": [],
						"url": {
							"raw": "{{URL}}/gameinfo/phase/2",
							"host": [
								"{{URL}}"
							],
							"path": [
								"gameinfo",
								"phase",
								"2"
							]
						}
					},
					"response": []
				},
				{
					"name": "Byid",
					"request": {
						"method": "GET",
						"header": [],
						"url": {
							"raw": "{{URL}}/gameinfo/3",
							"host": [
								"{{URL}}"
							],
							"path": [
								"gameinfo",
								"3"
							]
						}
					},
					"response": []
				}
			]
		},
		{
			"name": "Game Phase",
			"item": [
				{
					"name": "Store",
					"request": {
						"auth": {
							"type": "bearer",
							"bearer": [
								{
									"key": "token",
									"value": "eyJhbGciOiJIUzI1NiIsInR5cCI6IkpXVCJ9.eyJzdWIiOjMsImlhdCI6MTY3NTE0ODUwMywiZXhwIjoxNjc1NzUzMzAzfQ.Jj4rPucSvjBkMHih6TVW-sDTr6Ra-XTNHlQWlPdBw_4",
									"type": "string"
								}
							]
						},
						"method": "POST",
						"header": [],
						"body": {
							"mode": "raw",
							"raw": "{\r\n    \"gameInformationId\" :3,\r\n    \"game\" : \"Hockey\",\r\n    \"drawingType\" : \"a\",\r\n    \"schedule\" : \"25\",\r\n    \"amount\" : \"1000\",\r\n    \"frequency\" : \"20\",\r\n    \"days\" : \"test ticket\",\r\n    \"sold\":3,\r\n    \"gameData\":\"3\",\r\n    \"drawingTime\" : \"1111\",\r\n    \"drawingDate\" : \"2222\",\r\n    \"eligibleTickets\" : \"60\",\r\n    \"winnersPerDrawing\" : \"70\",\r\n    \"oddsOfWinning\" : \"Daily\",\r\n    \"oddsOfUnsoldTicketWinning\" : \"ticket winning\",\r\n    \"status\" : \"1\"\r\n}",
							"options": {
								"raw": {
									"language": "json"
								}
							}
						},
						"url": {
							"raw": "{{URL}}/gamephase/store",
							"host": [
								"{{URL}}"
							],
							"path": [
								"gamephase",
								"store"
							]
						}
					},
					"response": []
				},
				{
					"name": "Update",
					"request": {
						"auth": {
							"type": "bearer"
						},
						"method": "PUT",
						"header": [],
						"body": {
							"mode": "raw",
							"raw": "{\r\n    \"gameInformationId\" : 2,\r\n    \"game\" : \"Hockey\",\r\n    \"drawingType\" : \"a\",\r\n    \"schedule\" : \"25\",\r\n    \"amount\" : \"1000\",\r\n    \"frequency\" : \"20\",\r\n    \"days\" : \"test ticket\",\r\n    \"gameData\":\"3\",\r\n    \"drawingTime\" : \"1111\",\r\n    \"drawingDate\" : \"2222\",\r\n    \"eligibleTickets\" : \"60\",\r\n    \"winnersPerDrawing\" : \"70\",\r\n    \"oddsOfWinning\" : \"Daily\",\r\n    \"oddsOfUnsoldTicketWinning\" : \"ticket winning\",\r\n    \"status\" : \"1\"\r\n}",
							"options": {
								"raw": {
									"language": "json"
								}
							}
						},
						"url": {
							"raw": "{{URL}}/gamephase/3",
							"host": [
								"{{URL}}"
							],
							"path": [
								"gamephase",
								"3"
							]
						}
					},
					"response": []
				},
				{
					"name": "All",
					"protocolProfileBehavior": {
						"disableBodyPruning": true
					},
					"request": {
						"method": "GET",
						"header": [],
						"body": {
							"mode": "raw",
							"raw": "{\r\n    \"name\" : \"test\",\r\n    \"code\" : \"11111\" \r\n}",
							"options": {
								"raw": {
									"language": "json"
								}
							}
						},
						"url": {
							"raw": "{{URL}}/gamephase",
							"host": [
								"{{URL}}"
							],
							"path": [
								"gamephase"
							]
						}
					},
					"response": []
				},
				{
					"name": "Byid",
					"protocolProfileBehavior": {
						"disableBodyPruning": true
					},
					"request": {
						"method": "GET",
						"header": [],
						"body": {
							"mode": "raw",
							"raw": "{\r\n    \"name\" : \"test\",\r\n    \"code\" : \"11111\" \r\n}",
							"options": {
								"raw": {
									"language": "json"
								}
							}
						},
						"url": {
							"raw": "{{URL}}/gamephase/1",
							"host": [
								"{{URL}}"
							],
							"path": [
								"gamephase",
								"1"
							]
						}
					},
					"response": []
				},
				{
					"name": "Delete",
					"request": {
						"auth": {
							"type": "bearer"
						},
						"method": "DELETE",
						"header": [],
						"url": {
							"raw": "{{URL}}/gamephase/1",
							"host": [
								"{{URL}}"
							],
							"path": [
								"gamephase",
								"1"
							]
						}
					},
					"response": []
				}
			]
		},
		{
			"name": "Timezone",
			"item": [
				{
					"name": "Create",
					"request": {
						"method": "POST",
						"header": [],
						"body": {
							"mode": "raw",
							"raw": "{\r\n    \"name\" : \"test\",\r\n    \"code\" : \"546546\" \r\n}",
							"options": {
								"raw": {
									"language": "json"
								}
							}
						},
						"url": {
							"raw": "{{URL}}/timezone/store",
							"host": [
								"{{URL}}"
							],
							"path": [
								"timezone",
								"store"
							]
						}
					},
					"response": []
				},
				{
					"name": "All",
					"request": {
						"method": "GET",
						"header": [],
						"url": {
							"raw": "{{URL}}/timezone",
							"host": [
								"{{URL}}"
							],
							"path": [
								"timezone"
							]
						}
					},
					"response": []
				},
				{
					"name": "ById",
					"request": {
						"method": "GET",
						"header": [],
						"url": {
							"raw": "{{URL}}/timezone/1",
							"host": [
								"{{URL}}"
							],
							"path": [
								"timezone",
								"1"
							]
						}
					},
					"response": []
				},
				{
					"name": "Delete",
					"request": {
						"method": "DELETE",
						"header": [],
						"url": {
							"raw": "{{URL}}/timezone/4",
							"host": [
								"{{URL}}"
							],
							"path": [
								"timezone",
								"4"
							]
						}
					},
					"response": []
				},
				{
					"name": "Update",
					"request": {
						"method": "PUT",
						"header": [],
						"body": {
							"mode": "raw",
							"raw": "{\r\n    \"name\" : \"testty\",\r\n    \"code\" : \"156756711\" \r\n}",
							"options": {
								"raw": {
									"language": "json"
								}
							}
						},
						"url": {
							"raw": "{{URL}}/timezone/1",
							"host": [
								"{{URL}}"
							],
							"path": [
								"timezone",
								"1"
							]
						}
					},
					"response": []
				}
			]
		},
		{
			"name": "ScratchCard",
			"item": [
				{
					"name": "Update",
					"request": {
						"method": "PUT",
						"header": [],
						"body": {
							"mode": "formdata",
							"formdata": [
								{
									"key": "image",
									"type": "file",
									"src": "Screenshot (31).png"
								},
								{
									"key": "card_name",
									"value": "Friday scratch",
									"type": "text",
									"disabled": true
								},
								{
									"key": "maxNumberTickets",
									"value": "14",
									"type": "text"
								},
								{
									"key": "topPrize",
									"value": "1",
									"type": "text",
									"disabled": true
								},
								{
									"key": "ticketPrize",
									"value": "2000",
									"type": "text",
									"disabled": true
								},
								{
									"key": "frequency",
									"value": "",
									"type": "text",
									"disabled": true
								},
								{
									"key": "unmatchedMessage",
									"value": "Winnnnnnnnnnnnn",
									"type": "text"
								},
								{
									"key": "odds_of_win",
									"value": "90",
									"type": "text"
								},
								{
									"key": "odds_of_loss",
									"value": "56",
									"type": "text",
									"disabled": true
								},
								{
									"key": "startDate",
									"value": "2023-05-15",
									"type": "text"
								},
								{
									"key": "startTime",
									"value": "10:35 pm",
									"type": "text",
									"disabled": true
								},
								{
									"key": "sold",
									"value": "1",
									"type": "text",
									"disabled": true
								},
								{
									"key": "status",
									"value": "1",
									"type": "text"
								}
							]
						},
						"url": {
							"raw": "{{URL}}/scratchcard/52",
							"host": [
								"{{URL}}"
							],
							"path": [
								"scratchcard",
								"52"
							]
						}
					},
					"response": []
				},
				{
					"name": "Byid",
					"request": {
						"method": "GET",
						"header": [],
						"url": {
							"raw": "{{URL}}/scratchcard/7",
							"host": [
								"{{URL}}"
							],
							"path": [
								"scratchcard",
								"7"
							]
						}
					},
					"response": []
				},
				{
					"name": "Delete",
					"request": {
						"method": "DELETE",
						"header": [],
						"url": {
							"raw": "{{URL}}/scratchcard/17",
							"host": [
								"{{URL}}"
							],
							"path": [
								"scratchcard",
								"17"
							]
						}
					},
					"response": []
				},
				{
					"name": "Store",
					"request": {
						"method": "POST",
						"header": [],
						"body": {
							"mode": "formdata",
							"formdata": [
								{
									"key": "image",
									"type": "file",
									"src": "Screenshot (66).png"
								},
								{
									"key": "card_name",
									"value": "scratchCard Friday",
									"type": "text"
								},
								{
									"key": "ticketPrize",
									"value": "20",
									"type": "text"
								},
								{
									"key": "game_slogan",
									"value": "dsafsdfdfdsfsf",
									"type": "text"
								},
								{
									"key": "endDate",
									"value": "12/4/2024",
									"type": "text"
								},
								{
									"key": "game_Features",
									"value": "fasdfsf ",
									"type": "text"
								},
								{
									"key": "selectDraw",
									"value": "Daily",
									"type": "text"
								},
								{
									"key": "frequency",
									"value": "Daily",
									"type": "text"
								},
								{
									"key": "startTime",
									"value": "05:30",
									"type": "text"
								},
								{
									"key": "topPrize",
									"value": "100",
									"type": "text"
								},
								{
									"key": "unmatchedMessage",
									"value": "sdfgdfg dfgd     gdg ",
									"type": "text"
								},
								{
									"key": "discountTicket",
									"value": "10",
									"type": "text"
								},
								{
									"key": "discountPercent",
									"value": "5",
									"type": "text"
								},
								{
									"key": "odds_of_win",
									"value": "60",
									"type": "text"
								}
							]
						},
						"url": {
							"raw": "{{URL}}/scratchcard/store",
							"host": [
								"{{URL}}"
							],
							"path": [
								"scratchcard",
								"store"
							]
						}
					},
					"response": []
				},
				{
					"name": "Get All",
					"request": {
						"method": "GET",
						"header": [],
						"url": {
							"raw": "{{URL}}/scratchcard",
							"host": [
								"{{URL}}"
							],
							"path": [
								"scratchcard"
							]
						}
					},
					"response": []
				}
			]
		},
		{
			"name": "User",
			"item": [
				{
					"name": "Register",
					"request": {
						"method": "POST",
						"header": [
							{
								"key": "Content-Type",
								"value": "application/json",
								"type": "text",
								"disabled": true
							},
							{
								"key": "Authorization",
								"value": "",
								"type": "text",
								"disabled": true
							}
						],
						"body": {
							"mode": "raw",
							"raw": "{\r\n    \"fname\" : \"Kanchan\",\r\n    \"lname\" : \"lodhi\",\r\n    \"country\" : \"India\",\r\n    \"mobileNo\" : \"9414694261\",\r\n    \"userName\" : \"kanchf\",\r\n    \"email\" : \"agnito14@gmail.com\",\r\n    \"password\" : \"123456789\",\r\n    \"status\":\"1\",\r\n    \"remark\":\"0\",\r\n    \"role\":\"\",\r\n    \"refer_by\":\"sachin\"\r\n}",
							"options": {
								"raw": {
									"language": "json"
								}
							}
						},
						"url": {
							"raw": "{{URL}}/user/register",
							"host": [
								"{{URL}}"
							],
							"path": [
								"user",
								"register"
							]
						}
					},
					"response": []
				},
				{
					"name": "All User",
					"protocolProfileBehavior": {
						"disableBodyPruning": true
					},
					"request": {
						"auth": {
							"type": "bearer",
							"bearer": [
								{
									"key": "token",
									"value": "eyJhbGciOiJIUzI1NiIsInR5cCI6IkpXVCJ9.eyJzdWIiOjIsImlhdCI6MTY3NTY3NjcwNCwiZXhwIjoxNjc2MjgxNTA0fQ.S9p6-y0qoi37Ve-FPFXy3hBodft404IZGj5RHfoKtsI",
									"type": "string"
								}
							]
						},
						"method": "GET",
						"header": [
							{
								"key": "Content-Type",
								"value": "application/json",
								"type": "text"
							},
							{
								"key": "Authorization",
								"value": "",
								"type": "text"
							}
						],
						"body": {
							"mode": "raw",
							"raw": "",
							"options": {
								"raw": {
									"language": "json"
								}
							}
						},
						"url": {
							"raw": "{{URL}}/user/current",
							"host": [
								"{{URL}}"
							],
							"path": [
								"user",
								"current"
							]
						}
					},
					"response": []
				},
				{
					"name": "Login",
					"event": [
						{
							"listen": "test",
							"script": {
								"exec": [
									"var jsonData = JSON.parse(responseBody);\r",
									"var token = jsonData.data.token;\r",
									"\r",
									"// Set the environment variable\r",
									"pm.environment.set(\"TOKEN\", token);"
								],
								"type": "text/javascript"
							}
						}
					],
					"request": {
						"method": "POST",
						"header": [
							{
								"key": "Content-Type",
								"value": "application/json",
								"type": "text"
							}
						],
						"body": {
							"mode": "raw",
							"raw": "{\r\n\t\"username\": \"tushar@hireagnitocoders.com\",\r\n\t\"password\": \"1234554321\"\r\n}",
							"options": {
								"raw": {
									"language": "json"
								}
							}
						},
						"url": {
							"raw": "{{URL}}/user/authenticate",
							"host": [
								"{{URL}}"
							],
							"path": [
								"user",
								"authenticate"
							]
						}
					},
					"response": []
				},
				{
					"name": "Upload image",
					"request": {
						"auth": {
							"type": "bearer",
							"bearer": [
								{
									"key": "token",
									"value": "eyJhbGciOiJIUzI1NiIsInR5cCI6IkpXVCJ9.eyJzdWIiOjEsImlhdCI6MTY3Njk1OTgzOCwiZXhwIjoxNjc3NTY0NjM4fQ.c_1RjAKTJSTSvpqrCGsgTLRPLWnXYd58X0vrGYk83WY",
									"type": "string"
								}
							]
						},
						"method": "PUT",
						"header": [],
						"body": {
							"mode": "formdata",
							"formdata": [
								{
									"key": "image",
									"type": "file",
									"src": "istockphoto-1343808526-170667a.jpg"
								},
								{
									"key": "fname",
									"value": "dgg",
									"type": "text",
									"disabled": true
								},
								{
									"key": "lname",
									"value": "fgdfg",
									"type": "text",
									"disabled": true
								},
								{
									"key": "mobileNo",
									"value": "fgfgsg",
									"type": "text",
									"disabled": true
								},
								{
									"key": "email",
									"value": "amit@yopmail.com",
									"type": "text"
								},
								{
									"key": "address",
									"value": "fdgfdgg",
									"type": "text",
									"disabled": true
								},
								{
									"key": "zip",
									"value": "sdfgdgg",
									"type": "text",
									"disabled": true
								}
							]
						},
						"url": {
							"raw": "{{URL}}/user/1",
							"host": [
								"{{URL}}"
							],
							"path": [
								"user",
								"1"
							]
						}
					},
					"response": []
				},
				{
					"name": "Update All",
					"request": {
						"method": "PUT",
						"header": [],
						"body": {
							"mode": "raw",
							"raw": "{\r\n    \"fname\" : \"Tushar\",\r\n    \"lname\" : \"Deshmukh\",\r\n    \"country\" : \"India\",\r\n    \"address\": \"Mp Nagar\",\r\n    \"city\": \"Bhopal\",\r\n    \"state\": \"Madhya Pradesh\",\r\n    \"zip\": \"462023\",\r\n    \"mobileNo\" : \"9414694261\",\r\n    \"userName\" : \"nitesh\",\r\n    \"email\" : \"tushar111@gmail.com\",\r\n    \"password\" : \"123456\",\r\n    \"status\":\"1\",\r\n    \"remark\":\"0\"\r\n}",
							"options": {
								"raw": {
									"language": "json"
								}
							}
						},
						"url": {
							"raw": "{{URL}}/user/4",
							"host": [
								"{{URL}}"
							],
							"path": [
								"user",
								"4"
							]
						}
					},
					"response": []
				},
				{
					"name": "With img",
					"request": {
						"method": "PUT",
						"header": [],
						"body": {
							"mode": "formdata",
							"formdata": [
								{
									"key": "image",
									"type": "file",
									"src": "Screenshot (29).png"
								},
								{
									"key": "fname",
									"value": "Rahul",
									"type": "text"
								},
								{
									"key": "lname",
									"value": "Sing",
									"type": "text"
								},
								{
									"key": "country",
									"value": "India",
									"type": "text"
								},
								{
									"key": "address",
									"value": "Board Office",
									"type": "text"
								},
								{
									"key": "city",
									"value": "Bhpali",
									"type": "text"
								},
								{
									"key": "state",
									"value": "MP",
									"type": "text"
								},
								{
									"key": "email",
									"value": "gsdgrr@gmail.com",
									"type": "text"
								},
								{
									"key": "mobileNo",
									"value": "45545454",
									"type": "text",
									"disabled": true
								}
							]
						},
						"url": {
							"raw": "{{URL}}/user/1",
							"host": [
								"{{URL}}"
							],
							"path": [
								"user",
								"1"
							]
						}
					},
					"response": []
				},
				{
					"name": "alll",
					"request": {
						"method": "GET",
						"header": [],
						"url": {
							"raw": "{{URL}}/user/",
							"host": [
								"{{URL}}"
							],
							"path": [
								"user",
								""
							]
						}
					},
					"response": []
				},
				{
					"name": "change pass",
					"request": {
						"auth": {
							"type": "bearer",
							"bearer": [
								{
									"key": "token",
									"value": "eyJhbGciOiJIUzI1NiIsInR5cCI6IkpXVCJ9.eyJzdWIiOjQsImlhdCI6MTY3NTkyNTIzMiwiZXhwIjoxNjc2NTMwMDMyfQ.V5XbGOAbTdfxf4u5QZR09itRl3yOtTPTDvDI4JXJdLk",
									"type": "string"
								}
							]
						},
						"method": "POST",
						"header": [],
						"body": {
							"mode": "formdata",
							"formdata": [
								{
									"key": "currentPassword",
									"value": "12345678",
									"type": "text"
								},
								{
									"key": "newPassword",
									"value": "123456789",
									"type": "text"
								}
							]
						},
						"url": {
							"raw": "{{URL}}/user/change-password",
							"host": [
								"{{URL}}"
							],
							"path": [
								"user",
								"change-password"
							]
						}
					},
					"response": []
				},
				{
					"name": "Verify ",
					"protocolProfileBehavior": {
						"disabledSystemHeaders": {
							"connection": true,
							"accept-encoding": true,
							"accept": true,
							"user-agent": true,
							"host": true
						}
					},
					"request": {
						"method": "GET",
						"header": [],
						"url": {
							"raw": "{{URL}}/user/verifyEmail?verificationToken=eyJhbGciOiJIUzI1NiIsInR5cCI6IkpXVCJ9.eyJzdWIiOjIwLCJ0eXBlIjoiZW1haWxWZXJpZmljYXRpb24iLCJpYXQiOjE2NzY2MzMwNDUsImV4cCI6MTY3NjcxOTQ0NX0.dr5-7JuxiI9WolYBvtFyz2ERsQISzzzjm2QkTSjjbIA",
							"host": [
								"{{URL}}"
							],
							"path": [
								"user",
								"verifyEmail"
							],
							"query": [
								{
									"key": "verificationToken",
									"value": "eyJhbGciOiJIUzI1NiIsInR5cCI6IkpXVCJ9.eyJzdWIiOjIwLCJ0eXBlIjoiZW1haWxWZXJpZmljYXRpb24iLCJpYXQiOjE2NzY2MzMwNDUsImV4cCI6MTY3NjcxOTQ0NX0.dr5-7JuxiI9WolYBvtFyz2ERsQISzzzjm2QkTSjjbIA"
								}
							]
						}
					},
					"response": []
				},
				{
					"name": "Server",
					"request": {
						"method": "POST",
						"header": [],
						"body": {
							"mode": "raw",
							"raw": "{\r\n    \"username\":\"agnito14@gmail.com\"\r\n}",
							"options": {
								"raw": {
									"language": "json"
								}
							}
						},
						"url": {
							"raw": "{{URL}}/user/forget-password",
							"host": [
								"{{URL}}"
							],
							"path": [
								"user",
								"forget-password"
							]
						}
					},
					"response": []
				},
				{
					"name": " server reset-password",
					"request": {
						"method": "POST",
						"header": [],
						"body": {
							"mode": "raw",
							"raw": "{\r\n  \"email\":\"agnito14@gmail.com\",\r\n  \"newPassword\": \"newPassword123\",\r\n  \"otp\":\"8109\"\r\n}",
							"options": {
								"raw": {
									"language": "json"
								}
							}
						},
						"url": {
							"raw": "{{URL}}/user/reset-password",
							"host": [
								"{{URL}}"
							],
							"path": [
								"user",
								"reset-password"
							]
						}
					},
					"response": []
				},
				{
					"name": "Server__reset-password",
					"request": {
						"method": "POST",
						"header": [],
						"body": {
							"mode": "raw",
							"raw": "{\r\n\t\"email\":\"tushar@hireagnitocoders.com\",\r\n\t\"newPassword\":\"1234554321\",\r\n\t\"otp\":3823\r\n\t}\r\n",
							"options": {
								"raw": {
									"language": "json"
								}
							}
						},
						"url": {
							"raw": "{{URL}}/user/reset-password",
							"host": [
								"{{URL}}"
							],
							"path": [
								"user",
								"reset-password"
							]
						}
					},
					"response": []
				},
				{
					"name": " Server__forget-password",
					"request": {
						"method": "POST",
						"header": [],
						"body": {
							"mode": "raw",
							"raw": "{\r\n    \"username\":\"tushar@hireagnitocoders.com\"\r\n}",
							"options": {
								"raw": {
									"language": "json"
								}
							}
						},
						"url": {
							"raw": "{{URL}}/user/forget-password",
							"host": [
								"{{URL}}"
							],
							"path": [
								"user",
								"forget-password"
							]
						}
					},
					"response": []
				},
				{
					"name": "Mobilesend-otp",
					"request": {
						"method": "POST",
						"header": [],
						"body": {
							"mode": "raw",
							"raw": "{\r\n  \"mobileNumber\": \"1234567890\",\r\n  \"userId\": \"USER_ID\"\r\n}\r\n",
							"options": {
								"raw": {
									"language": "json"
								}
							}
						},
						"url": {
							"raw": "{{URL}}/user/send-otp",
							"host": [
								"{{URL}}"
							],
							"path": [
								"user",
								"send-otp"
							]
						}
					},
					"response": []
				},
				{
					"name": "Mobileverify-otp",
					"request": {
						"method": "POST",
						"header": [],
						"body": {
							"mode": "raw",
							"raw": "{\r\n  \"mobileNumber\": \"1234567890\",\r\n  \"otp\": \"123456\"\r\n}\r\n",
							"options": {
								"raw": {
									"language": "json"
								}
							}
						},
						"url": {
							"raw": "{{URL}}/user/verify-otp",
							"host": [
								"{{URL}}"
							],
							"path": [
								"user",
								"verify-otp"
							]
						}
					},
					"response": []
				}
			]
		},
		{
			"name": "Ticket",
			"item": [
				{
					"name": "store",
					"request": {
						"method": "POST",
						"header": [],
						"body": {
							"mode": "formdata",
							"formdata": [
								{
									"key": "files",
									"type": "file",
									"src": [
										"Screenshot (2).png",
										"Screenshot (3).png"
									]
								},
								{
									"key": "lottery_id",
									"value": "2",
									"type": "text"
								},
								{
									"key": "phase_id",
									"value": "69",
									"type": "text"
								},
								{
									"key": "user_id",
									"value": "56",
									"type": "text"
								},
								{
									"key": "ticket_number",
									"value": "1",
									"type": "text"
								},
								{
									"key": "total_price",
									"value": "12",
									"type": "text"
								},
								{
									"key": "support_message_id",
									"value": "1",
									"type": "text"
								}
							]
						},
						"url": {
							"raw": "http://localhost:5000/api/tickets/store",
							"protocol": "http",
							"host": [
								"localhost"
							],
							"port": "5000",
							"path": [
								"api",
								"tickets",
								"store"
							]
						}
					},
					"response": []
				},
				{
					"name": "All",
					"protocolProfileBehavior": {
						"disableBodyPruning": true
					},
					"request": {
						"method": "GET",
						"header": [],
						"body": {
							"mode": "raw",
							"raw": "{\r\n    \"phone\" : \"454845521\",\r\n    \"email\" : \"amit1@yopmail.com\",\r\n    \"password\" : \"12345678\",\r\n    \"socialLogin\" : \"0\"\r\n}",
							"options": {
								"raw": {
									"language": "json"
								}
							}
						},
						"url": {
							"raw": "{{baseurl}}/api/tickets",
							"host": [
								"{{baseurl}}"
							],
							"path": [
								"api",
								"tickets"
							]
						}
					},
					"response": []
				},
				{
					"name": "edit",
					"protocolProfileBehavior": {
						"disableBodyPruning": true
					},
					"request": {
						"method": "GET",
						"header": [],
						"body": {
							"mode": "raw",
							"raw": ""
						},
						"url": {
							"raw": "{{baseurl}}/api/tickets/1",
							"host": [
								"{{baseurl}}"
							],
							"path": [
								"api",
								"tickets",
								"1"
							]
						}
					},
					"response": []
				}
			]
		},
		{
			"name": "BuyTickets",
			"item": [
				{
					"name": "store",
					"request": {
						"method": "POST",
						"header": [],
						"body": {
							"mode": "raw",
							"raw": "{\r\n    \"lotteryId\": 48,\r\n    \"userId\": 163,\r\n    \"gamePhaseId\":80,\r\n    \"timeZoneId\":1,\r\n    \"gameCurrencyId\":5,\r\n    \"ticketPrice\": \"400\",\r\n    \"tickets\": [\r\n        {\r\n            \"ticketNumber\": \"11123\"\r\n        },\r\n        {\r\n            \"ticketNumber\": \"456778\"\r\n        },\r\n        {\r\n            \"ticketNumber\": \"88888\"\r\n        }\r\n\r\n    ],\r\n    \"totalPrice\": \"300\",\r\n    \"transactionId\": \"64757457456\",\r\n    \"paymentStatus\": \"54\"\r\n}",
							"options": {
								"raw": {
									"language": "json"
								}
							}
						},
						"url": {
							"raw": "{{URL}}/buytickets/store",
							"host": [
								"{{URL}}"
							],
							"path": [
								"buytickets",
								"store"
							]
						}
					},
					"response": []
				},
				{
					"name": "All",
					"request": {
						"auth": {
							"type": "bearer",
							"bearer": [
								{
									"key": "token",
									"value": "eyJhbGciOiJIUzI1NiIsInR5cCI6IkpXVCJ9.eyJzdWIiOjEsImlhdCI6MTY3NDEwNzUwNCwiZXhwIjoxNjc0NzEyMzA0fQ.zDvtDuTuRWfn-YIB4E7AE7WOfhfRZYM__LtSJ3sG4KI",
									"type": "string"
								}
							]
						},
						"method": "GET",
						"header": [],
						"url": {
							"raw": "{{URL}}/buytickets",
							"host": [
								"{{URL}}"
							],
							"path": [
								"buytickets"
							]
						}
					},
					"response": []
				}
			]
		},
		{
			"name": "scratchcardplay",
			"item": [
				{
					"name": "Byid",
					"protocolProfileBehavior": {
						"disableBodyPruning": true
					},
					"request": {
						"auth": {
							"type": "bearer",
							"bearer": [
								{
									"key": "token",
									"value": "eyJhbGciOiJIUzI1NiIsInR5cCI6IkpXVCJ9.eyJzdWIiOjEsImlhdCI6MTY3NDI4MDgzNSwiZXhwIjoxNjc0ODg1NjM1fQ.F7hm69VLzJukdSPFqrp4JWioRq16SB3RMpdz7FMQnuQ",
									"type": "string"
								}
							]
						},
						"method": "GET",
						"header": [],
						"body": {
							"mode": "raw",
							"raw": "",
							"options": {
								"raw": {
									"language": "json"
								}
							}
						},
						"url": {
							"raw": "{{URL}}/scratchcardplay/3",
							"host": [
								"{{URL}}"
							],
							"path": [
								"scratchcardplay",
								"3"
							]
						}
					},
					"response": []
				},
				{
					"name": "store",
					"request": {
						"method": "POST",
						"header": [],
						"body": {
							"mode": "raw",
							"raw": "{\r\n    \"scratchCardId\": 1,\r\n    \"userId\": 57,\r\n    \"scratchCardPrice\": \"100\",\r\n    \"scratchDraw\":\"10\",\r\n    \"scratchCards\": [\r\n        {\r\n            \"scratchCardNumber\": \"10\"\r\n        },\r\n        {\r\n            \"scratchCardNumber\": \"10\"\r\n        },\r\n        {\r\n            \"scratchCardNumber\": \"50\"\r\n        }\r\n\r\n    ],\r\n    \"totalPrice\": \"300\",\r\n    \"transactionId\": \"64757457456\"\r\n}",
							"options": {
								"raw": {
									"language": "json"
								}
							}
						},
						"url": {
							"raw": "{{URL}}/scratchcardplay/store",
							"host": [
								"{{URL}}"
							],
							"path": [
								"scratchcardplay",
								"store"
							]
						}
					},
					"response": []
				},
				{
					"name": "All",
					"protocolProfileBehavior": {
						"disableBodyPruning": true
					},
					"request": {
						"auth": {
							"type": "bearer",
							"bearer": [
								{
									"key": "token",
									"value": "eyJhbGciOiJIUzI1NiIsInR5cCI6IkpXVCJ9.eyJzdWIiOjEsImlhdCI6MTY3NDI4MDgzNSwiZXhwIjoxNjc0ODg1NjM1fQ.F7hm69VLzJukdSPFqrp4JWioRq16SB3RMpdz7FMQnuQ",
									"type": "string"
								}
							]
						},
						"method": "GET",
						"header": [],
						"body": {
							"mode": "raw",
							"raw": "",
							"options": {
								"raw": {
									"language": "json"
								}
							}
						},
						"url": {
							"raw": "{{URL}}/scratchcardplay",
							"host": [
								"{{URL}}"
							],
							"path": [
								"scratchcardplay"
							]
						}
					},
					"response": []
				},
				{
					"name": "Put",
					"request": {
						"method": "PUT",
						"header": [],
						"url": {
							"raw": "{{URL}}/scratchcardplay/28",
							"host": [
								"{{URL}}"
							],
							"path": [
								"scratchcardplay",
								"28"
							]
						}
					},
					"response": []
				}
			]
		},
		{
			"name": "supportticket",
			"item": [
				{
					"name": "Delete",
					"request": {
						"method": "DELETE",
						"header": [],
						"url": {
							"raw": "{{URL}}/support-tickets/6",
							"host": [
								"{{URL}}"
							],
							"path": [
								"support-tickets",
								"6"
							]
						}
					},
					"response": []
				},
				{
					"name": "store",
					"request": {
						"method": "POST",
						"header": [],
						"body": {
							"mode": "formdata",
							"formdata": [
								{
									"key": "images",
									"type": "file",
									"src": [
										"Screenshot 2023-04-07 162201.png",
										"Weather-Forecast-rain-Weather-Weather-Update-Weather-Alert-Weather-Report-Monsoon-2022-Monsoon-Monsoon-Rain.jpg"
									]
								},
								{
									"key": "UserId",
									"value": "56",
									"type": "text"
								},
								{
									"key": "gameInformationId",
									"value": "20",
									"type": "text",
									"disabled": true
								},
								{
									"key": "name",
									"value": "rahul",
									"type": "text"
								},
								{
									"key": "email",
									"value": "rahul123@gmail.com",
									"type": "text"
								},
								{
									"key": "subject",
									"value": "Hello",
									"type": "text"
								},
								{
									"key": "message",
									"value": "Hiii",
									"type": "text"
								},
								{
									"key": "title",
									"value": "sdg",
									"type": "text",
									"disabled": true
								},
								{
									"key": "description",
									"value": "rg890ujij",
									"type": "text",
									"disabled": true
								}
							]
						},
						"url": {
							"raw": "{{URL}}/support-tickets/store",
							"host": [
								"{{URL}}"
							],
							"path": [
								"support-tickets",
								"store"
							]
						}
					},
					"response": []
				},
				{
					"name": "All",
					"protocolProfileBehavior": {
						"disableBodyPruning": true
					},
					"request": {
						"method": "GET",
						"header": [],
						"body": {
							"mode": "raw",
							"raw": "{\r\n    \"user_id\":1,\r\n    \"ticket_id\":2,\r\n    \"name\":\"nitesj\",\r\n    \"email\":\"agnito@gmail.com\",\r\n    \"subject\":\"Hello\",\r\n    \"status\":\"\",\r\n    \"priority\":\"\"\r\n}",
							"options": {
								"raw": {
									"language": "json"
								}
							}
						},
						"url": {
							"raw": "{{URL}}/support-tickets/",
							"host": [
								"{{URL}}"
							],
							"path": [
								"support-tickets",
								""
							]
						}
					},
					"response": []
				},
				{
					"name": "ById",
					"request": {
						"method": "PUT",
						"header": [],
						"body": {
							"mode": "raw",
							"raw": "{\r\n    \"user_id\":1,\r\n    \"ticket_id\":2,\r\n    \"name\":\"nitesj\",\r\n    \"email\":\"agnito@gmail.com\",\r\n    \"subject\":\"Hello\",\r\n    \"status\":\"\",\r\n    \"priority\":\"\"\r\n}",
							"options": {
								"raw": {
									"language": "json"
								}
							}
						},
						"url": {
							"raw": "{{URL}}/support-tickets/6",
							"host": [
								"{{URL}}"
							],
							"path": [
								"support-tickets",
								"6"
							]
						}
					},
					"response": []
				},
				{
					"name": "Update",
					"request": {
						"method": "PUT",
						"header": [],
						"body": {
							"mode": "raw",
							"raw": "{\r\n    \"user_id\":1,\r\n    \"ticket_id\":2,\r\n    \"name\":\"ipoiop\",\r\n    \"email\":\"agnito@gmail.com\",\r\n    \"subject\":\"Hello\",\r\n    \"status\":\"\",\r\n    \"priority\":\"\"\r\n}",
							"options": {
								"raw": {
									"language": "json"
								}
							}
						},
						"url": {
							"raw": "{{URL}}/support-tickets/3",
							"host": [
								"{{URL}}"
							],
							"path": [
								"support-tickets",
								"3"
							]
						}
					},
					"response": []
				}
			]
		},
		{
			"name": "supportticketattachment",
			"item": [
				{
					"name": "store",
					"request": {
						"method": "POST",
						"header": [],
						"body": {
							"mode": "formdata",
							"formdata": [
								{
									"key": "file",
									"type": "file",
									"src": "1672912202139-blank.pdf"
								},
								{
									"key": "SupportTicketMessageId",
									"value": "221",
									"type": "text"
								}
							]
						},
						"url": {
							"raw": "{{URL}}/ticket-attachment/store",
							"host": [
								"{{URL}}"
							],
							"path": [
								"ticket-attachment",
								"store"
							]
						}
					},
					"response": []
				}
			]
		},
		{
			"name": "supportticketmessage",
			"item": [
				{
					"name": "AllGet",
					"request": {
						"method": "GET",
						"header": [],
						"url": {
							"raw": "{{URL}}/ticket-message",
							"host": [
								"{{URL}}"
							],
							"path": [
								"ticket-message"
							]
						}
					},
					"response": []
				},
				{
					"name": "Store",
					"request": {
						"method": "POST",
						"header": [],
						"body": {
							"mode": "raw",
							"raw": "{\r\n    \"AdminId\":1,\r\n    \"SupportTicketId\":20,\r\n    \"message\":\"Hii I Am Fine sfsdfsfsdfffffffffffffffffffffffffffffffffffffffffffffffffffffffffffffffffffffffsertttttttttttttttttttttttttttttttttttttttttttttttvgbregrebtreertnetere e tetvetertetvetertetertbertrerjhgsghuasghduf ashdguashdguhf ashdushgdfbuhudfuashduhf afhshfjdfijifdf dfijsdfsdjfsdfssdfg tsdtfs dfsdfsdv rfwefsdfsdfuyfgujghfyuagdfasyud adaghdfuasdfhsdufhsdujfhsdfhufywjrfhsdf sdfhsdufghsdufbsbdfjsdbfdf dfbsdhfu \"\r\n\r\n}",
							"options": {
								"raw": {
									"language": "json"
								}
							}
						},
						"url": {
							"raw": "{{URL}}/ticket-message/store",
							"host": [
								"{{URL}}"
							],
							"path": [
								"ticket-message",
								"store"
							]
						}
					},
					"response": []
				},
				{
					"name": "GetById",
					"protocolProfileBehavior": {
						"disableBodyPruning": true
					},
					"request": {
						"method": "GET",
						"header": [],
						"body": {
							"mode": "raw",
							"raw": "",
							"options": {
								"raw": {
									"language": "json"
								}
							}
						},
						"url": {
							"raw": "{{URL}}/ticket-message/2",
							"host": [
								"{{URL}}"
							],
							"path": [
								"ticket-message",
								"2"
							]
						}
					},
					"response": []
				},
				{
					"name": "Put",
					"request": {
						"method": "PUT",
						"header": [],
						"body": {
							"mode": "raw",
							"raw": "{\r\n    \"supportticket_id\":3,\r\n    \"message\":\"helghfghjflo \"\r\n\r\n}",
							"options": {
								"raw": {
									"language": "json"
								}
							}
						},
						"url": {
							"raw": "{{URL}}/ticket-message/2",
							"host": [
								"{{URL}}"
							],
							"path": [
								"ticket-message",
								"2"
							]
						}
					},
					"response": []
				},
				{
					"name": "Delete",
					"request": {
						"method": "DELETE",
						"header": [],
						"body": {
							"mode": "raw",
							"raw": "",
							"options": {
								"raw": {
									"language": "json"
								}
							}
						},
						"url": {
							"raw": "{{URL}}/ticket-message/3",
							"host": [
								"{{URL}}"
							],
							"path": [
								"ticket-message",
								"3"
							]
						}
					},
					"response": []
				}
			]
		},
		{
			"name": "withdrawals",
			"item": [
				{
					"name": "store",
					"request": {
						"method": "POST",
						"header": [],
						"body": {
							"mode": "raw",
							"raw": "{\r\n    \"method_id\":1,\r\n    \"user_id\": 1,\r\n    \"amount\": 50.000,\r\n    \"currency\":\"IND\",\r\n    \"rate\": 23.33,\r\n    \"charge\": 20.33,\r\n    \"trx\": \"fgfg\",\r\n    \"final_amount\": 40.88,\r\n    \"after_charge\": 20.66,\r\n    \"withdraw_information\": \"sdggsg\",\r\n    \"status\": 1,\r\n    \"admin_feedback\":\"sdfsdfs\"\r\n}",
							"options": {
								"raw": {
									"language": "json"
								}
							}
						},
						"url": {
							"raw": "{{URL}}/withdrawals/store",
							"host": [
								"{{URL}}"
							],
							"path": [
								"withdrawals",
								"store"
							]
						}
					},
					"response": []
				},
				{
					"name": "Byid",
					"request": {
						"method": "GET",
						"header": [],
						"url": {
							"raw": "{{URL}}/withdrawals/1",
							"host": [
								"{{URL}}"
							],
							"path": [
								"withdrawals",
								"1"
							]
						}
					},
					"response": []
				},
				{
					"name": "All",
					"request": {
						"method": "GET",
						"header": [],
						"url": {
							"raw": "{{URL}}/withdrawals",
							"host": [
								"{{URL}}"
							],
							"path": [
								"withdrawals"
							]
						}
					},
					"response": []
				},
				{
					"name": "Update",
					"request": {
						"method": "PUT",
						"header": [],
						"body": {
							"mode": "raw",
							"raw": "{\r\n    \"method_id\":1,\r\n    \"user_id\": 2,\r\n    \"amount\": 50.000,\r\n    \"currency\":\"IND\",\r\n    \"rate\": 3.33,\r\n    \"charge\": 2.33,\r\n    \"trx\": \"fgfg\",\r\n    \"final_amount\": 4.88,\r\n    \"after_charge\": 2.66,\r\n    \"withdraw_information\": \"sdggsg\",\r\n    \"status\": 1,\r\n    \"admin_feedback\":\"sdfsdfs\"\r\n}",
							"options": {
								"raw": {
									"language": "json"
								}
							}
						},
						"url": {
							"raw": "{{URL}}/withdrawals/1",
							"host": [
								"{{URL}}"
							],
							"path": [
								"withdrawals",
								"1"
							]
						}
					},
					"response": []
				},
				{
					"name": "Delete",
					"request": {
						"method": "DELETE",
						"header": [],
						"url": {
							"raw": "{{URL}}/withdrawals/2",
							"host": [
								"{{URL}}"
							],
							"path": [
								"withdrawals",
								"2"
							]
						}
					},
					"response": []
				}
			]
		},
		{
			"name": "Test",
			"item": [
				{
					"name": "http://159.223.51.198:5000/api/gameinfo/7",
					"request": {
						"method": "GET",
						"header": [],
						"url": {
							"raw": "{{URL}}/gameinfo/7",
							"host": [
								"{{URL}}"
							],
							"path": [
								"gameinfo",
								"7"
							]
						}
					},
					"response": []
				},
				{
					"name": "http://159.223.51.198:5000/api/gameinfo/phase/",
					"request": {
						"method": "GET",
						"header": [],
						"url": {
							"raw": "{{URL}}/gameinfo/phase/",
							"host": [
								"{{URL}}"
							],
							"path": [
								"gameinfo",
								"phase",
								""
							]
						}
					},
					"response": []
				},
				{
					"name": "genrate no status change ",
					"request": {
						"method": "PUT",
						"header": [],
						"url": {
							"raw": "{{URL}}/lotterygenerate/2507448120/20",
							"host": [
								"{{URL}}"
							],
							"path": [
								"lotterygenerate",
								"2507448120",
								"20"
							]
						}
					},
					"response": []
				}
			]
		},
		{
			"name": "Winners",
			"item": [
				{
					"name": "Store",
					"request": {
						"method": "POST",
						"header": [],
						"body": {
							"mode": "raw",
							"raw": "{\r\n    \"gameInformationId\":3,\r\n    \"UserId\":2,\r\n    \"gamePhaseId\":3,\r\n    \"ticketNumber\":\"344,455\",\r\n    \"level\":\"1\",\r\n    \"win_bonus\":\"6456456\"\r\n}",
							"options": {
								"raw": {
									"language": "json"
								}
							}
						},
						"url": {
							"raw": "{{URL}}/winner-tickets/store",
							"host": [
								"{{URL}}"
							],
							"path": [
								"winner-tickets",
								"store"
							]
						}
					},
					"response": []
				},
				{
					"name": "GetAll",
					"request": {
						"method": "GET",
						"header": [],
						"url": {
							"raw": "{{URL}}/winner-tickets",
							"host": [
								"{{URL}}"
							],
							"path": [
								"winner-tickets"
							]
						}
					},
					"response": []
				},
				{
					"name": "GetById",
					"request": {
						"method": "GET",
						"header": [],
						"url": {
							"raw": "{{URL}}/winner-tickets/1",
							"host": [
								"{{URL}}"
							],
							"path": [
								"winner-tickets",
								"1"
							]
						}
					},
					"response": []
				},
				{
					"name": "Update",
					"request": {
						"method": "PUT",
						"header": [],
						"body": {
							"mode": "raw",
							"raw": "{\r\n    \"ticket_id\":1,\r\n    \"user_id\":2,\r\n    \"phase_id\":3,\r\n    \"ticket_number\":\"34890890,\",\r\n    \"level\":\"51\",\r\n    \"win_bonus\":\"64456\"\r\n}",
							"options": {
								"raw": {
									"language": "json"
								}
							}
						},
						"url": {
							"raw": "{{URL}}/winner-tickets/4",
							"host": [
								"{{URL}}"
							],
							"path": [
								"winner-tickets",
								"4"
							]
						}
					},
					"response": []
				},
				{
					"name": "Delete",
					"request": {
						"method": "DELETE",
						"header": [],
						"url": {
							"raw": "{{URL}}/winner-tickets/4",
							"host": [
								"{{URL}}"
							],
							"path": [
								"winner-tickets",
								"4"
							]
						}
					},
					"response": []
				}
			]
		},
		{
			"name": "usertransaction",
			"item": [
				{
					"name": "Store",
					"request": {
						"auth": {
							"type": "bearer",
							"bearer": [
								{
									"key": "token",
									"value": "{{TOKEN}}",
									"type": "string"
								}
							]
						},
						"method": "POST",
						"header": [],
						"body": {
							"mode": "raw",
							"raw": "{\r\n    \"tansactionId\":\"ghfg45rthf56g\",\r\n    \"type\" : \"card\",\r\n    \"amount\" : 50,\r\n    \"currency\" : \"usd\",\r\n    \"sender\" : \"amit\",\r\n    \"description\" : \"test transaction\",\r\n    \"transactionType\" : \"Card_Won\",\r\n    \"scratchCardId\":46\r\n}",
							"options": {
								"raw": {
									"language": "json"
								}
							}
						},
						"url": {
							"raw": "{{URL}}/transaction/store",
							"host": [
								"{{URL}}"
							],
							"path": [
								"transaction",
								"store"
							]
						}
					},
					"response": []
				},
				{
					"name": "All",
					"request": {
						"method": "GET",
						"header": [],
						"url": {
							"raw": "{{URL}}/transaction/",
							"host": [
								"{{URL}}"
							],
							"path": [
								"transaction",
								""
							]
						}
					},
					"response": []
				},
				{
					"name": "Withdraw ",
					"request": {
						"method": "POST",
						"header": [],
						"body": {
							"mode": "raw",
							"raw": "{\r\n    \"transactionType\":\"Withdraw\",\r\n    \"amount\":\"50\",\r\n    \"tansactionId\":\"dsffer423\",\r\n    \"userId\":159,\r\n    \"withdrawalId\":13\r\n}",
							"options": {
								"raw": {
									"language": "json"
								}
							}
						},
						"url": {
							"raw": "{{URL}}/transaction/api",
							"host": [
								"{{URL}}"
							],
							"path": [
								"transaction",
								"api"
							]
						}
					},
					"response": []
				},
				{
					"name": "Admin/Withdraw",
					"request": {
						"auth": {
							"type": "bearer",
							"bearer": [
								{
									"key": "token",
									"value": "eyJhbGciOiJIUzI1NiIsInR5cCI6IkpXVCJ9.eyJzdWIiOjEsImlhdCI6MTY3OTkwNzkyOCwiZXhwIjoxNjc5OTk0MzI4fQ.ETdWQBkoB40km4t7IDmXBnOdJxTTCfQwzkkGcXxqmVo",
									"type": "string"
								}
							]
						},
						"method": "POST",
						"header": [],
						"body": {
							"mode": "raw",
							"raw": "{\r\n    \"transactionType\":\"AdminWithdraw\",\r\n    \"amount\":\"50\",\r\n    \"userId\":163,\r\n    \"sender\":\"Admin\",\r\n    \"receiver\":\"User\",\r\n    \"description\":\"Hello User\"\r\n}",
							"options": {
								"raw": {
									"language": "json"
								}
							}
						},
						"url": {
							"raw": "{{URL}}/transaction/admin/withdraw",
							"host": [
								"{{URL}}"
							],
							"path": [
								"transaction",
								"admin",
								"withdraw"
							]
						}
					},
					"response": []
				},
				{
					"name": "Admin/Deposit",
					"request": {
						"auth": {
							"type": "bearer",
							"bearer": [
								{
									"key": "token",
									"value": "eyJhbGciOiJIUzI1NiIsInR5cCI6IkpXVCJ9.eyJzdWIiOjEsImlhdCI6MTY3OTkwNzkyOCwiZXhwIjoxNjc5OTk0MzI4fQ.ETdWQBkoB40km4t7IDmXBnOdJxTTCfQwzkkGcXxqmVo",
									"type": "string"
								}
							]
						},
						"method": "POST",
						"header": [],
						"body": {
							"mode": "raw",
							"raw": "{\r\n    \"transactionType\":\"AdminDeposit\",\r\n    \"amount\":\"50\",\r\n    \"userId\":163,\r\n    \"sender\":\"Admin\",\r\n    \"receiver\":\"User\",\r\n    \"description\":\"Hello User\"\r\n}",
							"options": {
								"raw": {
									"language": "json"
								}
							}
						},
						"url": {
							"raw": "{{URL}}/transaction/admin/deposit",
							"host": [
								"{{URL}}"
							],
							"path": [
								"transaction",
								"admin",
								"deposit"
							]
						}
					},
					"response": []
				},
				{
					"name": "Card_Win ",
					"event": [
						{
							"listen": "test",
							"script": {
								"exec": [
									"var jsonData = JSON.parse(responseBody);\r",
									"var token = jsonData.data.token;\r",
									"\r",
									"// Set the environment variable\r",
									"pm.environment.set(\"TOKEN\", token);"
								],
								"type": "text/javascript"
							}
						}
					],
					"request": {
						"auth": {
							"type": "bearer",
							"bearer": [
								{
									"key": "token",
									"value": "{{TOKEN}}",
									"type": "string"
								}
							]
						},
						"method": "POST",
						"header": [],
						"body": {
							"mode": "raw",
							"raw": "{\r\n    \"userId\":163,\r\n    \"tansactionId\":\"ghfg45rthf56g\",\r\n    \"amount\" : \"50\",\r\n    \"transactionType\" : \"Card_Won\",\r\n    \"scratchCardId\":28\r\n}",
							"options": {
								"raw": {
									"language": "json"
								}
							}
						},
						"url": {
							"raw": "{{URL}}/transaction/store",
							"host": [
								"{{URL}}"
							],
							"path": [
								"transaction",
								"store"
							]
						}
					},
					"response": []
				},
				{
					"name": "winning",
					"request": {
						"method": "POST",
						"header": [],
						"body": {
							"mode": "raw",
							"raw": "{\r\n    \"userId\":69,\r\n    \"amount\" : 150,\r\n    \"tickets\":\"123344343\",\r\n    \"currency\" : \"usd\",\r\n    \"transactionType\" : \"Winning\"\r\n}",
							"options": {
								"raw": {
									"language": "json"
								}
							}
						},
						"url": {
							"raw": "{{URL}}/transaction/store/win",
							"host": [
								"{{URL}}"
							],
							"path": [
								"transaction",
								"store",
								"win"
							]
						}
					},
					"response": []
				}
			]
		},
		{
			"name": "user_logins",
			"item": [
				{
					"name": "Store",
					"request": {
						"method": "POST",
						"header": [],
						"body": {
							"mode": "raw",
							"raw": "{\r\n    \"userIp\":\"192.168.1.37\",\r\n    \"city\":\"Bhopal\",\r\n    \"country\":\"India\",\r\n    \"region\":\"Madhya-Pradesh\",\r\n    \"latitude\":\"23.23759\",\r\n    \"longitude\":\"77.4195336\",\r\n    \"browser\":\"Chrome\",\r\n    \"os\":\"Windows\"\r\n}",
							"options": {
								"raw": {
									"language": "json"
								}
							}
						},
						"url": {
							"raw": "{{URL}}/user-logs/store/205",
							"host": [
								"{{URL}}"
							],
							"path": [
								"user-logs",
								"store",
								"205"
							]
						}
					},
					"response": []
				},
				{
					"name": "By User iD",
					"protocolProfileBehavior": {
						"disableBodyPruning": true
					},
					"request": {
						"auth": {
							"type": "bearer",
							"bearer": [
								{
									"key": "token",
									"value": "eyJhbGciOiJIUzI1NiIsInR5cCI6IkpXVCJ9.eyJzdWIiOjEsImlhdCI6MTY3NDU1NTc2NiwiZXhwIjoxNjc1MTYwNTY2fQ.QxfJ8FBTXaujSVAuAT8g0U1e_JK2sBZ4lKtMPnWRHZ0",
									"type": "string"
								}
							]
						},
						"method": "GET",
						"header": [],
						"body": {
							"mode": "raw",
							"raw": "",
							"options": {
								"raw": {
									"language": "json"
								}
							}
						},
						"url": {
							"raw": "{{URL}}/user-logs/163",
							"host": [
								"{{URL}}"
							],
							"path": [
								"user-logs",
								"163"
							]
						}
					},
					"response": []
				},
				{
					"name": "All User ",
					"request": {
						"method": "GET",
						"header": [],
						"url": {
							"raw": "{{URL}}/user-logs",
							"host": [
								"{{URL}}"
							],
							"path": [
								"user-logs"
							]
						}
					},
					"response": []
				}
			]
		},
		{
			"name": "lotteryticket",
			"item": [
				{
					"name": "Store",
					"request": {
						"auth": {
							"type": "bearer",
							"bearer": [
								{
									"key": "token",
									"value": "eyJhbGciOiJIUzI1NiIsInR5cCI6IkpXVCJ9.eyJzdWIiOjEsImlhdCI6MTY3NTA1NjIzMSwiZXhwIjoxNjc1NjYxMDMxfQ.Mqmc6DYeKGk7fGKXUsWtuepviG49W0WEsiIwthMf30s",
									"type": "string"
								}
							]
						},
						"method": "POST",
						"header": [],
						"body": {
							"mode": "raw",
							"raw": "{\r\n    \"lottery_id\": 2,\r\n    \"user_id\": 1,\r\n    \"ticketPrice\": \"400\",\r\n    \"tickets\":\"8978,789\",\r\n    \"totalPrice\": \"300\",\r\n    \"transactionId\": \"\",\r\n    \"paymentStatus\": \"\"\r\n}",
							"options": {
								"raw": {
									"language": "json"
								}
							}
						},
						"url": {
							"raw": "{{URL}}/buy-lottery-tickets/store",
							"host": [
								"{{URL}}"
							],
							"path": [
								"buy-lottery-tickets",
								"store"
							]
						}
					},
					"response": []
				},
				{
					"name": "All",
					"request": {
						"method": "GET",
						"header": [],
						"url": {
							"raw": "{{URL}}/buy-lottery-tickets/",
							"host": [
								"{{URL}}"
							],
							"path": [
								"buy-lottery-tickets",
								""
							]
						}
					},
					"response": []
				},
				{
					"name": "ById",
					"request": {
						"method": "GET",
						"header": [],
						"url": {
							"raw": "{{URL}}/buy-lottery-tickets/3",
							"host": [
								"{{URL}}"
							],
							"path": [
								"buy-lottery-tickets",
								"3"
							]
						}
					},
					"response": []
				},
				{
					"name": "Array Formate",
					"request": {
						"method": "POST",
						"header": [],
						"body": {
							"mode": "raw",
							"raw": "{\r\n    \"lottery_id\": 3,\r\n    \"user_id\": 2544,\r\n    \"ticketPrice\": \"400\",\r\n    \"tickets\": [\r\n        {\r\n            \"ticketNumber\": \"11123\"\r\n        },\r\n        {\r\n            \"ticketNumber\": \"456778\"\r\n        },\r\n        {\r\n            \"ticketNumber\": \"88888\"\r\n        }\r\n\r\n    ],\r\n    \"totalPrice\": \"300\",\r\n    \"transactionId\": \"\",\r\n    \"paymentStatus\": \"\"\r\n}",
							"options": {
								"raw": {
									"language": "json"
								}
							}
						},
						"url": {
							"raw": "{{URL}}/buytickets/store",
							"host": [
								"{{URL}}"
							],
							"path": [
								"buytickets",
								"store"
							]
						}
					},
					"response": []
				}
			]
		},
		{
			"name": "Email",
			"item": [
				{
					"name": "All",
					"request": {
						"method": "GET",
						"header": [],
						"url": {
							"raw": "{{URL}}/mail",
							"host": [
								"{{URL}}"
							],
							"path": [
								"mail"
							]
						}
					},
					"response": []
				},
				{
					"name": "Perticuler User",
					"request": {
						"method": "POST",
						"header": [],
						"body": {
							"mode": "raw",
							"raw": "{\r\n    \"to\":\"ubes@hireagnitocoders.com\",\r\n    \"subject\":\"Change Sme Functionality  \",\r\n    \"html\":\"Fname And Lname Send Test\"\r\n}",
							"options": {
								"raw": {
									"language": "json"
								}
							}
						},
						"url": {
							"raw": "{{URL}}/send",
							"host": [
								"{{URL}}"
							],
							"path": [
								"send"
							]
						}
					},
					"response": []
				},
				{
					"name": "All User send ",
					"request": {
						"method": "POST",
						"header": [],
						"body": {
							"mode": "raw",
							"raw": "{\r\n    \"subject\":\"Change Sme Functionality  \",\r\n    \"html\":\"Fname And Lname Send Test\"\r\n}",
							"options": {
								"raw": {
									"language": "json"
								}
							}
						},
						"url": {
							"raw": "{{URL}}/mail/send/users",
							"host": [
								"{{URL}}"
							],
							"path": [
								"mail",
								"send",
								"users"
							]
						}
					},
					"response": []
				}
			]
		},
		{
			"name": "userreferals",
			"item": [
				{
					"name": "Store",
					"request": {
						"method": "POST",
						"header": [],
						"body": {
							"mode": "raw",
							"raw": "    [\r\n        {    \"level\": \"1\",    \"percent\": 10,    \"commission_type\": \"deposit\"  },\r\n        {    \"level\": \"2\",    \"percent\": 102,    \"commission_type\": \"deposit\"  },\r\n        {    \"level\": \"2\",    \"percent\": 102,    \"commission_type\": \"deposit\"  },\r\n        {    \"level\": \"2\",    \"percent\": 102,    \"commission_type\": \"deposit\"  }\r\n    ]",
							"options": {
								"raw": {
									"language": "json"
								}
							}
						},
						"url": {
							"raw": "{{URL}}/user-referral/store",
							"host": [
								"{{URL}}"
							],
							"path": [
								"user-referral",
								"store"
							]
						}
					},
					"response": []
				},
				{
					"name": "update",
					"request": {
						"method": "PUT",
						"header": [],
						"body": {
							"mode": "raw",
							"raw": "{\r\n    \"commission_type\":\"deposit\",\r\n    \"status\": 0\r\n}",
							"options": {
								"raw": {
									"language": "json"
								}
							}
						},
						"url": {
							"raw": "{{URL}}/user-referral/update",
							"host": [
								"{{URL}}"
							],
							"path": [
								"user-referral",
								"update"
							]
						}
					},
					"response": []
				}
			]
		},
		{
			"name": "lotterygeneratenos",
			"item": [
				{
					"name": "Search lotteryNo. And gaeinfo id",
					"request": {
						"method": "PUT",
						"header": [],
						"body": {
							"mode": "raw",
							"raw": "{\r\n    \r\n}",
							"options": {
								"raw": {
									"language": "json"
								}
							}
						},
						"url": {
							"raw": "{{URL}}/lotterygenerat/8508301095/20",
							"host": [
								"{{URL}}"
							],
							"path": [
								"lotterygenerat",
								"8508301095",
								"20"
							]
						}
					},
					"response": []
				}
			]
		},
		{
			"name": "Countries",
			"item": [
				{
					"name": "Get All",
					"protocolProfileBehavior": {
						"disableBodyPruning": true
					},
					"request": {
						"method": "GET",
						"header": [],
						"body": {
							"mode": "raw",
							"raw": "{\r\n    \r\n}",
							"options": {
								"raw": {
									"language": "json"
								}
							}
						},
						"url": {
							"raw": "{{URL}}/countries",
							"host": [
								"{{URL}}"
							],
							"path": [
								"countries"
							]
						}
					},
					"response": []
				},
				{
					"name": "Get By Id",
					"request": {
						"method": "GET",
						"header": [],
						"url": {
							"raw": "{{URL}}/countries/101",
							"host": [
								"{{URL}}"
							],
							"path": [
								"countries",
								"101"
							]
						}
					},
					"response": []
				},
				{
					"name": "server json",
					"protocolProfileBehavior": {
						"disableBodyPruning": true
					},
					"request": {
						"method": "GET",
						"header": [],
						"body": {
							"mode": "raw",
							"raw": "",
							"options": {
								"raw": {
									"language": "json"
								}
							}
						},
						"url": {
							"raw": "{{URL}}/map/countries",
							"host": [
								"{{URL}}"
							],
							"path": [
								"map",
								"countries"
							]
						}
					},
					"response": []
				}
			]
		},
		{
			"name": "States",
			"item": [
				{
					"name": "All Get",
					"protocolProfileBehavior": {
						"disableBodyPruning": true
					},
					"request": {
						"method": "GET",
						"header": [],
						"body": {
							"mode": "raw",
							"raw": "",
							"options": {
								"raw": {
									"language": "json"
								}
							}
						},
						"url": {
							"raw": "{{URL}}/states",
							"host": [
								"{{URL}}"
							],
							"path": [
								"states"
							]
						}
					},
					"response": []
				},
				{
					"name": "By State Id get Cities ",
					"request": {
						"method": "GET",
						"header": [],
						"url": {
							"raw": "{{URL}}/states/21",
							"host": [
								"{{URL}}"
							],
							"path": [
								"states",
								"21"
							]
						}
					},
					"response": []
				}
			]
		},
		{
			"name": "City",
			"item": [
				{
					"name": "Get All",
					"request": {
						"method": "GET",
						"header": [],
						"url": {
							"raw": "{{URL}}/city",
							"host": [
								"{{URL}}"
							],
							"path": [
								"city"
							]
						}
					},
					"response": []
				},
				{
					"name": "Get  City States ",
					"request": {
						"method": "GET",
						"header": [],
						"url": {
							"raw": "{{URL}}/city/states",
							"host": [
								"{{URL}}"
							],
							"path": [
								"city",
								"states"
							]
						}
					},
					"response": []
				},
				{
					"name": "Get By Id ",
					"request": {
						"method": "GET",
						"header": [],
						"url": {
							"raw": "{{URL}}/city/2145 ",
							"host": [
								"{{URL}}"
							],
							"path": [
								"city",
								"2145 "
							]
						}
					},
					"response": []
				}
			]
		},
		{
			"name": "contact-us",
			"item": [
				{
					"name": "contact-us",
					"request": {
						"method": "POST",
						"header": [],
						"body": {
							"mode": "raw",
							"raw": "{\r\n    \"fname\":\"Tushar\",\r\n    \"lname\":\"Deshmukh\",\r\n    \"mail\":\"agnito14@gmail.com\",\r\n    \"number\":9873791237,\r\n    \"message\":\"Hiii How are you Hii I Am Fine To view only the source code, press the shortcut keys Ctrl + U on your computer's keyboard. Right-click a blank part of the web page and select View page source from the pop-up menu that appears.\"\r\n}",
							"options": {
								"raw": {
									"language": "json"
								}
							}
						},
						"url": {
							"raw": "{{URL}}/contact/contact-us",
							"host": [
								"{{URL}}"
							],
							"path": [
								"contact",
								"contact-us"
							]
						}
					},
					"response": []
				}
			]
		},
		{
			"name": "subscribe",
			"item": [
				{
					"name": "Post",
					"request": {
						"method": "POST",
						"header": [],
						"body": {
							"mode": "raw",
							"raw": "{\r\n    \"mail\":\"tushar@hireagnitocoders.com\"\r\n}",
							"options": {
								"raw": {
									"language": "json"
								}
							}
						},
						"url": {
							"raw": "{{URL}}/subscribe/store",
							"host": [
								"{{URL}}"
							],
							"path": [
								"subscribe",
								"store"
							]
						}
					},
					"response": []
				},
				{
					"name": "Get All",
					"request": {
						"method": "GET",
						"header": [],
						"url": {
							"raw": "{{URL}}/subscribe",
							"host": [
								"{{URL}}"
							],
							"path": [
								"subscribe"
							]
						}
					},
					"response": []
				}
			]
		},
		{
			"name": "stripe",
			"item": [
				{
					"name": "Pay",
					"request": {
						"method": "POST",
						"header": [],
						"body": {
							"mode": "raw",
							"raw": "{\r\n    \"payment_method_id\":\"78585uhfghdfgh\",\r\n    \"amount\":\"435\",\r\n    \"description\":\"hhdhgf\"\r\n}",
							"options": {
								"raw": {
									"language": "json"
								}
							}
						},
						"url": {
							"raw": "{{URL}}/stripe/pay",
							"host": [
								"{{URL}}"
							],
							"path": [
								"stripe",
								"pay"
							]
						}
					},
					"response": []
				}
			]
		},
		{
			"name": "Notification",
			"item": [
				{
					"name": "Notification - send",
					"request": {
						"method": "POST",
						"header": [],
						"body": {
							"mode": "raw",
							"raw": "{\r\n    \"to\":\"tushar@hireagnitocoders.com\",\r\n    \"subject\":\"Hello \",\r\n    \"text\":\"How Are You\"\r\n}",
							"options": {
								"raw": {
									"language": "json"
								}
							}
						},
						"url": {
							"raw": "{{URL}}/notification/send",
							"host": [
								"{{URL}}"
							],
							"path": [
								"notification",
								"send"
							]
						}
					},
					"response": []
				},
				{
					"name": "All User",
					"request": {
						"method": "POST",
						"header": [],
						"body": {
							"mode": "raw",
							"raw": "{\r\n    \"subject\":\"Subscribe User\",\r\n    \"text\":\"Send Mail For tasting\"\r\n}",
							"options": {
								"raw": {
									"language": "json"
								}
							}
						},
						"url": {
							"raw": "{{URL}}/notification/send/all",
							"host": [
								"{{URL}}"
							],
							"path": [
								"notification",
								"send",
								"all"
							]
						}
					},
					"response": []
				},
				{
					"name": "Get All ",
					"request": {
						"method": "GET",
						"header": [],
						"url": {
							"raw": "{{URL}}/notification/mail",
							"host": [
								"{{URL}}"
							],
							"path": [
								"notification",
								"mail"
							]
						}
					},
					"response": []
				}
			]
		},
		{
			"name": "Withdrawals",
			"item": [
				{
					"name": "store",
					"request": {
						"method": "POST",
						"header": [],
						"body": {
							"mode": "raw",
							"raw": "{\r\n    \"Account_Holder_Name\":\"Tushar \",\r\n    \"UserId\":\"159\",\r\n    \"Account_Number\":\"4554546456\",\r\n    \"Type_of_account\":\"Saving\",\r\n    \"IFSC_Number\":\"SBIN0832434\",\r\n    \"Email\":\"agnito14@gmail.com\",\r\n    \"PanCard_No\":\"T43G35545\",\r\n    \"Amount\":\"39\"\r\n}",
							"options": {
								"raw": {
									"language": "json"
								}
							}
						},
						"url": {
							"raw": "{{URL}}/withdrawals/store",
							"host": [
								"{{URL}}"
							],
							"path": [
								"withdrawals",
								"store"
							]
						}
					},
					"response": []
				},
				{
					"name": "Update",
					"request": {
						"method": "PUT",
						"header": [],
						"body": {
							"mode": "raw",
							"raw": "{\r\n    \"status\":0\r\n}",
							"options": {
								"raw": {
									"language": "json"
								}
							}
						},
						"url": {
							"raw": "{{URL}}/withdrawals/3",
							"host": [
								"{{URL}}"
							],
							"path": [
								"withdrawals",
								"3"
							]
						}
					},
					"response": []
				},
				{
					"name": "Get ALL",
					"request": {
						"method": "GET",
						"header": [],
						"url": {
							"raw": "{{URL}}/withdrawals",
							"host": [
								"{{URL}}"
							],
							"path": [
								"withdrawals"
							]
						}
					},
					"response": []
				}
			]
		},
		{
			"name": "sendmail",
			"item": [
				{
					"name": "{{baseurl}}",
					"request": {
						"method": "POST",
						"header": [],
						"body": {
							"mode": "raw",
							"raw": "{\r\n    \"modules\":\"Hello\",\r\n    \"submodules\":\"HIII\",\r\n    \"to\": [\"agnito14@gmail.com\",\"agnitotech1@gmail.com\", \"mansi@hireagnitocoders.com\"],\r\n    \"subject\":\"Kaise Hai AAp\",\r\n    \"text\":\"Life Lootto\"\r\n}",
							"options": {
								"raw": {
									"language": "json"
								}
							}
						},
						"url": {
							"raw": "{{URL}}/email/send-email",
							"host": [
								"{{URL}}"
							],
							"path": [
								"email",
								"send-email"
							]
						}
					},
					"response": []
				}
			]
		},
		{
			"name": "UserNotification",
			"item": [
				{
					"name": "New Request",
					"request": {
						"method": "POST",
						"header": [],
						"body": {
							"mode": "raw",
							"raw": "{\r\n    \"subject\":\"Hello User\",\r\n    \"text\":\"We're happy you signed up for Lifetime Lotto. To start exploring with your account, please confirm your email address.(Click Here) to verify now.Welcome to Lifetime lotto,The team Lifetime Lotto.\"\r\n}",
							"options": {
								"raw": {
									"language": "json"
								}
							}
						},
						"url": {
							"raw": "{{URL}}/usernotification/send/all",
							"host": [
								"{{URL}}"
							],
							"path": [
								"usernotification",
								"send",
								"all"
							]
						}
					},
					"response": []
				}
			]
		},
		{
			"name": "Commission Log",
			"item": [
				{
					"name": "Store",
					"request": {
						"method": "POST",
						"header": [],
						"body": {
							"mode": "raw",
							"raw": "{\r\n    \"to_id\":211,\r\n    \"from_id\":161,\r\n    \"level\":1,\r\n    \"UserName\":\"pranjul\",\r\n    \"percent\":30,\r\n    \"main_amount\":308,\r\n    \"commission_type\":\"win\"\r\n}",
							"options": {
								"raw": {
									"language": "json"
								}
							}
						},
						"url": {
							"raw": "{{URL}}/commission/store",
							"host": [
								"{{URL}}"
							],
							"path": [
								"commission",
								"store"
							]
						}
					},
					"response": []
				},
				{
					"name": "Get All ",
					"request": {
						"method": "GET",
						"header": [],
						"url": {
							"raw": "{{URL}}/commission",
							"host": [
								"{{URL}}"
							],
							"path": [
								"commission"
							]
						}
					},
					"response": []
				}
			]
		},
		{
			"name": "Scratch Card Genrate No",
			"item": [
				{
					"name": "http://localhost:5000/api/scratchgenerat/5691533272/2",
					"request": {
						"method": "PUT",
						"header": [],
						"url": {
							"raw": "{{URL}}/scratchgenerat/6/1",
							"host": [
								"{{URL}}"
							],
							"path": [
								"scratchgenerat",
								"6",
								"1"
							]
						}
					},
					"response": []
				},
				{
					"name": "Delete",
					"request": {
						"method": "DELETE",
						"header": [],
						"url": {
							"raw": "{{URL}}/scratchgenerat/15",
							"host": [
								"{{URL}}"
							],
							"path": [
								"scratchgenerat",
								"15"
							]
						}
					},
					"response": []
				}
			]
		},
		{
			"name": "Scrtch Table",
			"item": [
				{
					"name": "Store",
					"request": {
						"method": "POST",
						"header": [],
						"body": {
							"mode": "raw",
							"raw": "    [\r\n        {    \"rng\": \"\",    \"odds_of_price\": \"0.3\",    \"price\": \"10\",    \"scratchCardId\":\"15\"  },\r\n        {    \"rng\": \"\",    \"odds_of_price\": \"10\",    \"price\": \"10\",    \"scratchCardId\":\"15\"  },\r\n        {    \"rng\": \"\",    \"odds_of_price\": \"8\",    \"price\": \"20\",   \"scratchCardId\":\"15\"  },\r\n        {    \"rng\": \"\",    \"odds_of_price\": \"12\",    \"price\": \"2\" ,   \"scratchCardId\":\"15\"  },\r\n        {    \"rng\": \"\",    \"odds_of_price\": \"0.003\",    \"price\": \"10\",    \"scratchCardId\":\"15\"  },\r\n        {    \"rng\": \"\",    \"odds_of_price\": \"5\",    \"price\": \"3\",    \"scratchCardId\":\"15\"  },\r\n        {    \"rng\": \"\",    \"odds_of_price\": \"15\",    \"price\": \"10\",    \"scratchCardId\":\"15\"  },\r\n        {    \"rng\": \"\",    \"odds_of_price\": \"15\",    \"price\": \"10\",    \"scratchCardId\":\"15\"  },\r\n        {    \"rng\": \"\",    \"odds_of_price\": \"12\",    \"price\": \"10\",    \"scratchCardId\":\"15\"  },\r\n        {    \"rng\": \"\",    \"odds_of_price\": \"5\",    \"price\": \"10\",    \"scratchCardId\":\"15\"  },\r\n        {    \"rng\": \"\",    \"odds_of_price\": \"10\",    \"price\": \"10\",    \"scratchCardId\":\"15\"  },\r\n        {    \"rng\": \"\",    \"odds_of_price\": \"0.0001\",    \"price\": \"10\",    \"scratchCardId\":\"15\"  },\r\n        {    \"rng\": \"\",    \"odds_of_price\": \"7.6969\",    \"price\": \"10\",    \"scratchCardId\":\"15\"  }\r\n    ]",
							"options": {
								"raw": {
									"language": "json"
								}
							}
						},
						"url": {
							"raw": "{{URL}}/scratchtable/store",
							"host": [
								"{{URL}}"
							],
							"path": [
								"scratchtable",
								"store"
							]
						}
					},
					"response": []
				},
				{
					"name": "Get All",
					"request": {
						"method": "GET",
						"header": [],
						"url": {
							"raw": "{{URL}}/scratchtable",
							"host": [
								"{{URL}}"
							],
							"path": [
								"scratchtable"
							]
						}
					},
					"response": []
				},
				{
					"name": "Update",
					"request": {
						"method": "PUT",
						"header": [],
						"body": {
							"mode": "raw",
							"raw": "[\r\n        {  \"scratchCardId\":\"22\",  \"rng\": \"\",    \"odds_of_price\": \"0\",    \"price\": \"1\"     },\r\n        {  \"scratchCardId\":\"22\",  \"rng\": \"\",    \"odds_of_price\": \"8\",    \"price\": \"2\"     },\r\n        {  \"scratchCardId\":\"22\",  \"rng\": \"\",    \"odds_of_price\": \"12\",    \"price\": \"4\"     },\r\n        {  \"scratchCardId\":\"22\",  \"rng\": \"\",    \"odds_of_price\": \"10\",    \"price\": \"3\"     },\r\n        {  \"scratchCardId\":\"22\",  \"rng\": \"\",    \"odds_of_price\": \"0\",    \"price\": \"5\"      },\r\n        { \"scratchCardId\":\"22\",   \"rng\": \"\",    \"odds_of_price\": \"5\",    \"price\": \"6\"     },\r\n        { \"scratchCardId\":\"22\",   \"rng\": \"\",    \"odds_of_price\": \"15\",    \"price\": \"7\"     },\r\n        { \"scratchCardId\":\"22\",   \"rng\": \"\",    \"odds_of_price\": \"0\",    \"price\": \"8\"     },\r\n        { \"scratchCardId\":\"22\",   \"rng\": \"\",    \"odds_of_price\": \"0.6\",    \"price\": \"8\"     },\r\n        { \"scratchCardId\":\"22\",   \"rng\": \"\",    \"odds_of_price\": \"6.4\",    \"price\": \"8\"     },\r\n        { \"scratchCardId\":\"22\",   \"rng\": \"\",    \"odds_of_price\": \"4\",    \"price\": \"8\"     }\r\n]",
							"options": {
								"raw": {
									"language": "json"
								}
							}
						},
						"url": {
							"raw": "{{URL}}/scratchtable/update",
							"host": [
								"{{URL}}"
							],
							"path": [
								"scratchtable",
								"update"
							]
						}
					},
					"response": []
				},
				{
					"name": "Scratchtable/Delete",
					"request": {
						"method": "DELETE",
						"header": [],
						"url": {
							"raw": "http://159.223.51.198:5000/api/scratchtable/delete/32",
							"protocol": "http",
							"host": [
								"159",
								"223",
								"51",
								"198"
							],
							"port": "5000",
							"path": [
								"api",
								"scratchtable",
								"delete",
								"32"
							]
						}
					},
					"response": []
				},
				{
					"name": "Search ",
					"request": {
						"method": "GET",
						"header": [],
						"url": {
							"raw": "{{URL}}/scratchcard?search=better luck",
							"host": [
								"{{URL}}"
							],
							"path": [
								"scratchcard"
							],
							"query": [
								{
									"key": "search",
									"value": "better luck"
								}
							]
						}
					},
					"response": []
				}
			]
		},
		{
			"name": "scratchCardWin",
			"item": [
				{
					"name": "store",
					"request": {
						"method": "POST",
						"header": [],
						"body": {
							"mode": "raw",
							"raw": "{\r\n  \"UserId\": 69,\r\n  \"scratchCardId\":2,\r\n  \"scratchCards\": \"1,5,50\"\r\n}\r\n",
							"options": {
								"raw": {
									"language": "json"
								}
							}
						},
						"url": {
							"raw": "{{URL}}/scratchcardwin/store",
							"host": [
								"{{URL}}"
							],
							"path": [
								"scratchcardwin",
								"store"
							]
						}
					},
					"response": []
				},
				{
					"name": "put",
					"request": {
						"method": "PUT",
						"header": [],
						"body": {
							"mode": "raw",
							"raw": "",
							"options": {
								"raw": {
									"language": "json"
								}
							}
						},
						"url": {
							"raw": "{{URL}}/scratchcardwin/34",
							"host": [
								"{{URL}}"
							],
							"path": [
								"scratchcardwin",
								"34"
							]
						}
					},
					"response": []
				},
				{
					"name": "transaction/won-count",
					"request": {
						"method": "GET",
						"header": [],
						"url": {
							"raw": "{{URL}}/transaction/count/1",
							"host": [
								"{{URL}}"
							],
							"path": [
								"transaction",
								"count",
								"1"
							]
						}
					},
					"response": []
				}
			]
		},
		{
			"name": "Card-Scratch",
			"item": [
				{
					"name": "Store",
					"request": {
						"method": "PUT",
						"header": [],
						"body": {
							"mode": "raw",
							"raw": "{\r\n    \"scratchCardId\" :2\r\n}",
							"options": {
								"raw": {
									"language": "json"
								}
							}
						},
						"url": {
							"raw": "{{URL}}/cardscratch/store",
							"host": [
								"{{URL}}"
							],
							"path": [
								"cardscratch",
								"store"
							]
						}
					},
					"response": []
				},
				{
					"name": "User Prize",
					"request": {
						"method": "PUT",
						"header": [],
						"body": {
							"mode": "raw",
							"raw": "{\r\n    \"scratchCardId\" :2,\r\n    \"userId\":57\r\n}",
							"options": {
								"raw": {
									"language": "json"
								}
							}
						},
						"url": {
							"raw": "{{URL}}/cardscratch/store/user",
							"host": [
								"{{URL}}"
							],
							"path": [
								"cardscratch",
								"store",
								"user"
							]
						}
					},
					"response": []
				},
				{
					"name": "scratch-card/play",
					"request": {
						"method": "POST",
						"header": [],
						"body": {
							"mode": "raw",
							"raw": "{\r\n    \"scratchCardId\" :1\r\n}",
							"options": {
								"raw": {
									"language": "json"
								}
							}
						},
						"url": {
							"raw": "{{URL}}/cardscratch/scratch-card/play",
							"host": [
								"{{URL}}"
							],
							"path": [
								"cardscratch",
								"scratch-card",
								"play"
							]
						}
					},
					"response": []
				}
			]
		},
		{
			"name": "scratchCard Loss",
			"item": [
				{
					"name": "Get By Id ",
					"protocolProfileBehavior": {
						"disableBodyPruning": true
					},
					"request": {
						"method": "GET",
						"header": [],
						"body": {
							"mode": "raw",
							"raw": "{\r\n  \"UserId\": 163,\r\n  \"scratchCardId\":23,\r\n  \"scratchCards\": \"1,5,50\"\r\n}",
							"options": {
								"raw": {
									"language": "json"
								}
							}
						},
						"url": {
							"raw": "{{URL}}/scratchcardloss/1",
							"host": [
								"{{URL}}"
							],
							"path": [
								"scratchcardloss",
								"1"
							]
						}
					},
					"response": []
				},
				{
					"name": "Put",
					"request": {
						"method": "PUT",
						"header": [],
						"body": {
							"mode": "raw",
							"raw": "",
							"options": {
								"raw": {
									"language": "json"
								}
							}
						},
						"url": {
							"raw": "{{URL}}/scratchcardloss/34",
							"host": [
								"{{URL}}"
							],
							"path": [
								"scratchcardloss",
								"34"
							]
						}
					},
					"response": []
				},
				{
					"name": "By Id",
					"request": {
						"method": "PUT",
						"header": [],
						"body": {
							"mode": "raw",
							"raw": "{\r\n    \"status\":1\r\n}",
							"options": {
								"raw": {
									"language": "json"
								}
							}
						},
						"url": {
							"raw": "{{URL}}/scratchcardloss/1",
							"host": [
								"{{URL}}"
							],
							"path": [
								"scratchcardloss",
								"1"
							]
						}
					},
					"response": []
				}
			]
		},
		{
			"name": "Admin Login",
			"request": {
				"method": "POST",
				"header": [],
				"body": {
					"mode": "raw",
					"raw": "{\r\n\t\"username\": \"admin@gmail.com\",\r\n\t\"password\": \"12345678\"\r\n}",
					"options": {
						"raw": {
							"language": "json"
						}
					}
				},
				"url": {
					"raw": "{{URL}}/admin/authenticate",
					"host": [
						"{{URL}}"
					],
					"path": [
						"admin",
						"authenticate"
					]
				}
			},
			"response": []
		}
	],
	"event": [
		{
			"listen": "prerequest",
			"script": {
				"type": "text/javascript",
				"exec": [
					""
				]
			}
		},
		{
			"listen": "test",
			"script": {
				"type": "text/javascript",
				"exec": [
					""
				]
			}
		}
	],
	"variable": [
		{
			"key": "URL",
			"value": "http://159.223.51.198:5000/api"
		},
		{
			"key": "TOKEN ",
			"value": "",
			"type": "string"
		}
	]
}